"variable","importance"
"arrivals_million",27.0324384471658
"stay_days",23.3578350754705
"month",14.270376402399
"china_share_pct",12.5575292436453
