"metric","value"
"accuracy",0.454545454545455
"kappa",0.153846153846154
